CRS, CRN 
109,
102,90067
102,90068
102,90069
102,90070
102,90071
102,90072
102,90073
102,90074
102,90076
102,90077
102,90078
102,90083
102,90084
102,93168
102,94817
102,95265
120,90085
120,90086
120,91752
120,92440
120,93393
120,93433
120,93502
120,94512
120,94514
120,94774
120,95048
120,95049
120,95050
130,90090
130,90091
130,90094
130,91586
160,93290
160,93291
160,93292
160,93503
160,93504
160,93749
160,94104
160,94191
160,94816
160,95290
208L,90102
208L,90103
208T,95634
208L,95635
208L,95145
208T,93163
208T,93165
208T,95060
209L,93508
209L,95134
209T,95062
209T,95133
215,92235
215,93511
215,94313
215,95051
215,
230,90110
230,90111
230,91204
230,92799
230,93172
230,93513
230,95052
230,95053
235,94196
240,93173
260,90113
260,93175
260,93514
260,95055
260,95072
262,90116
262,90118
262,91307
300,90122
300,90123
300,90124
300,90125
300,90126
300,90127
300,90128
300,91309
300,93178
300,93756
300,94105
300,94515
300,94516
301,91137
301,93179
301,93717
301,
311,90136
316,91963
316,94739
317,92622
318,94346
320,91653
320,94192
321,93180
321,94710
340,94517
345,90144
345,91138
345,93516
345,94760
350,92238
360,94193
360,94518
360,95074
370,91591
370,92128
370,94729
370,95144
378,92239
421,94764
421,95059
426,95076
430W,92382
430W,94519
430W,94732
440,95075
